tweet,sentiment_class,user,sex,hour_of_day,total_comments,total_likes,total_impressions,tweet_length,verified_user,reply_to_verified,primary_topic,secondary_topic
Just had the most amazing coffee this morning! ‚òï Perfect way to start the day,positive,@coffee_lover23,female,8,12,89,2341,71,false,false,food_drinks,arts_culture
Stuck in traffic again... this commute is killing me üò§,negative,@daily_commuter,male,7,3,15,892,54,false,false,transportation,personal_development
The new restaurant downtown has incredible pasta! Highly recommend üçù,positive,@foodie_adventures,female,19,8,156,4523,68,true,false,food_drinks,personal_development
Can't believe how rude some people are at the grocery store today,negative,@suburban_mom,female,14,5,23,1567,65,false,false,shopping_retail,personal_development
Beautiful sunset tonight! Nature never fails to amaze me üåÖ,positive,@nature_photographer,male,20,18,234,6789,58,true,false,nature_environment,personal_development
This weather is absolutely perfect for a walk in the park,positive,@weekend_walker,female,16,2,45,1234,56,false,false,nature_environment,food_drinks
Another meeting that could have been an email... corporate life üôÑ,negative,@office_worker_99,male,10,15,78,2345,60,false,false,work_business,communication
My dog just learned a new trick! So proud of him üêï,positive,@dog_parent_life,female,18,7,92,2876,49,false,false,pets_animals,personal_development
The book I'm reading is absolutely captivating! Can't put it down,positive,@bookworm_reader,female,22,4,67,1987,60,false,false,entertainment,personal_development
Traffic lights are broken downtown. Complete chaos out there,negative,@city_reporter,male,12,9,34,5432,59,true,false,transportation,personal_development
Just finished a great workout session! Feeling energized üí™,positive,@fitness_enthusiast,male,6,11,145,3456,54,false,false,work_business,food_drinks
The service at this restaurant is incredibly slow tonight,negative,@dinner_critic,female,20,6,28,1876,52,false,false,food_drinks,shopping_retail
My favorite band just announced a new tour! So excited üéµ,positive,@music_fan_2023,female,15,23,189,4567,54,false,false,entertainment,personal_development
Rain ruining my outdoor plans again... typical weekend weather,negative,@outdoor_adventurer,male,11,4,19,876,58,false,false,nature_environment,food_drinks
This new podcast episode is absolutely brilliant! Must listen,positive,@podcast_addict,male,21,8,73,2134,59,false,false,entertainment,personal_development
Long lines everywhere at the mall today. Holiday shopping madness,negative,@holiday_shopper,female,13,7,31,1543,64,false,false,shopping_retail,seasonal_holidays
My garden is finally blooming! Spring is here üå∏,positive,@green_thumb_gardener,female,17,12,98,2765,44,false,false,nature_environment,personal_development
The customer support was actually helpful today. Surprisingly good,positive,@tech_user_help,male,14,3,42,1234,65,false,false,community_social,shopping_retail
Another flight delay... airports are the worst sometimes,negative,@frequent_flyer,male,9,18,67,3421,52,true,false,transportation,personal_development
Just adopted a rescue cat! She's already settled in perfectly üê±,positive,@animal_lover_123,female,19,25,187,5432,60,false,false,pets_animals,personal_development
The new superhero movie is absolutely incredible! Best one yet,positive,@movie_buff_critic,male,22,34,298,7654,61,true,false,entertainment,personal_development
Wifi is down again at the coffee shop. So frustrating,negative,@remote_worker_life,female,10,8,24,1345,51,false,false,food_drinks,technology
My grandmother's homemade cookies are the best in the world üç™,positive,@family_traditions,female,16,6,78,2134,60,false,false,food_drinks,family_relationships
Construction noise starting at 6am again. No sleep for anyone,negative,@early_riser_not,male,6,12,45,1876,58,false,false,arts_culture,health_wellness
This documentary about ocean life is absolutely fascinating,positive,@documentary_fan,female,21,9,89,2543,55,false,false,entertainment,personal_development
The grocery store was out of everything I needed today,negative,@grocery_shopper_mom,female,15,4,18,987,52,false,false,shopping_retail,personal_development
My nephew just said his first word! Family moments are precious,positive,@proud_aunt_uncle,female,18,15,123,3456,58,false,false,family_relationships,personal_development
The concert last night was absolutely phenomenal! Worth every penny,positive,@live_music_lover,male,23,21,176,4567,64,false,false,entertainment,personal_development
Stuck behind slow drivers on the highway again. Why today?,negative,@highway_commuter,male,8,6,29,1234,56,false,false,transportation,personal_development
This art exhibition is truly inspiring! Creativity at its finest,positive,@art_gallery_visitor,female,14,11,92,2876,59,true,false,arts_culture,food_drinks
My phone battery died right when I needed GPS directions,negative,@tech_dependent_user,male,12,7,33,1543,54,false,false,technology,communication
The farmers market has the freshest produce! Supporting local ü•ï,positive,@local_food_supporter,female,9,8,67,2134,62,false,false,food_drinks,community_social
Another package delivery attempt while I'm at work. Timing!,negative,@online_shopper_woes,female,13,5,21,876,59,false,false,transportation,work_business
My students did amazing on their presentations today! So proud,positive,@teacher_life_daily,female,15,18,134,3987,58,false,false,education,work_business
The new pizza place has terrible crust. Not going back,negative,@pizza_connoisseur,male,19,9,42,1765,53,false,false,food_drinks,personal_development
Just finished reading an incredible mystery novel! Plot twists everywhere,positive,@mystery_book_fan,female,22,12,87,2543,68,false,false,entertainment,personal_development
The gym was overcrowded tonight. New Year's resolution crowd,negative,@regular_gym_goer,male,18,14,56,2134,61,false,false,personal_development,personal_development
My daughter's first piano recital was absolutely beautiful üéπ,positive,@piano_parent_proud,female,16,19,156,4321,58,false,false,family_relationships,personal_development
The weather app was completely wrong about today's forecast,negative,@weather_watcher,male,11,8,34,1234,57,false,false,nature_environment,food_drinks
This hiking trail offers the most breathtaking views! Nature therapy,positive,@mountain_hiker,male,7,16,198,5432,63,false,false,health_wellness,nature_environment
The ice cream shop ran out of my favorite flavor again,negative,@dessert_enthusiast,female,20,4,17,765,52,false,false,food_drinks,personal_development
My coworker brought homemade brownies to share! Office kindness,positive,@office_team_player,female,14,7,89,2345,59,false,false,work_business,food_drinks
The bus was late again this morning. Public transit reliability,negative,@public_transit_user,male,7,11,38,1456,58,false,false,transportation,politics_government
This cooking class taught me amazing new techniques! Skill building,positive,@culinary_student,female,19,13,102,3456,64,false,false,food_drinks,technology
My neighbor's music is way too loud again tonight,negative,@quiet_neighborhood,male,23,6,27,987,47,false,false,entertainment,community_social
The cherry blossoms are in full bloom! Spring perfection üå∏,positive,@seasonal_observer,female,17,14,187,4567,55,false,false,nature_environment,personal_development
The restaurant forgot half of our order. Service quality declining,negative,@dining_experience,male,20,8,41,1876,59,false,false,food_drinks,shopping_retail
My son just graduated with honors! Proudest parent moment,positive,@graduation_parent,female,18,28,245,6789,52,false,false,family_relationships,personal_development
The new coffee blend at my favorite caf√© is absolutely perfect,positive,@coffee_connoisseur,male,8,9,76,2134,60,false,false,food_drinks,finance_economy
Another spam call interrupting my important meeting today,negative,@business_professional,female,10,5,23,1234,53,true,false,work_business,communication
This street festival has incredible food trucks! Community celebration,positive,@local_events_fan,male,13,17,123,3987,65,false,false,food_drinks,seasonal_holidays
The parking meter ate my quarters and gave no time,negative,@downtown_parker,female,12,7,31,1345,48,false,false,transportation,nature_environment
My cat finally learned to use the new scratching post üê±,positive,@cat_owner_victory,female,16,8,89,2456,51,false,false,pets_animals,personal_development
The construction project is months behind schedule again,negative,@city_planning_watcher,male,14,12,45,2134,52,true,false,home_lifestyle,science_research
This volunteer work at the shelter is incredibly rewarding,positive,@community_volunteer,female,11,15,134,4321,56,false,false,work_business,community_social
The movie theater's sound system was broken during the film,negative,@cinema_experience,male,21,9,38,1567,58,false,false,entertainment,food_drinks
My garden tomatoes are finally ripe! Homegrown satisfaction üçÖ,positive,@backyard_gardener,female,17,11,98,2876,54,false,false,nature_environment,food_drinks
The internet connection keeps dropping during video calls,negative,@remote_meeting_host,male,9,13,47,1987,54,false,false,technology,communication
This charity run raised so much money for a great cause!,positive,@charity_runner_2023,female,8,22,189,5432,54,false,false,community_social,food_drinks
The grocery store checkout line moved incredibly slowly today,negative,@efficient_shopper,male,15,6,24,1234,59,false,false,shopping_retail,personal_development
My nephew's soccer team won their championship game! Victory!,positive,@soccer_aunt_supporter,female,16,18,156,4123,58,false,false,family_relationships,sports_recreation
The air conditioning broke down on the hottest day possible,negative,@summer_heat_sufferer,male,14,11,52,2345,59,false,false,personal_development,personal_development
This photography workshop improved my skills tremendously,positive,@amateur_photographer,female,19,9,87,2654,54,false,false,work_business,arts_culture
The delivery driver left my package in the rain again,negative,@package_recipient,female,13,8,35,1456,51,false,false,transportation,nature_environment
My dog's new haircut makes him look absolutely adorable üêï,positive,@pet_grooming_fan,male,18,12,123,3456,56,false,false,pets_animals,personal_development
The train was cancelled without any prior announcement today,negative,@daily_rail_commuter,male,7,15,63,2134,57,false,false,transportation,nature_environment
This farmers market has the most delicious fresh bread!,positive,@artisan_bread_lover,female,10,7,78,2345,56,false,false,food_drinks,personal_development
My laptop crashed right before saving my important document,negative,@tech_mishap_victim,male,22,9,41,1567,59,false,false,technology,personal_development
The community theater production was absolutely outstanding tonight,positive,@local_theater_fan,female,20,16,134,4321,64,false,false,entertainment,food_drinks
The restaurant's new menu has removed all my favorite dishes,negative,@regular_customer_sad,male,19,8,33,1876,59,false,false,food_drinks,personal_development
My daughter just learned to ride her bike! Milestone moment üö≤,positive,@parent_milestone_joy,female,16,21,187,4567,57,false,false,family_relationships,personal_development
The parking garage was full when I needed it most,negative,@urban_driver_stress,male,12,6,28,1234,47,false,false,transportation,nature_environment
This yoga class helped me find my inner peace today,positive,@mindfulness_seeker,female,18,11,89,2876,50,false,false,health_wellness,education
The customer service representative was incredibly rude today,negative,@service_experience,male,14,12,45,1987,58,false,false,work_business,shopping_retail
My favorite author just released a new book! Reading excitement üìö,positive,@avid_reader_fan,female,21,13,98,3456,62,false,false,entertainment,personal_development
The construction noise starts earlier every single morning,negative,@noise_pollution_victim,male,6,8,37,1543,55,false,false,arts_culture,home_lifestyle
This cooking experiment turned out better than expected!,positive,@kitchen_experimenter,female,19,9,76,2134,54,false,false,food_drinks,science_research
The automated phone system kept me on hold forever,negative,@phone_system_hater,male,11,7,32,1345,49,false,false,technology,communication
My son's art project won first place! Creative talent shining,positive,@art_contest_parent,female,15,17,145,4123,58,false,false,family_relationships,arts_culture
The coffee shop ran out of oat milk again today,negative,@alternative_milk_user,female,8,5,21,876,43,false,false,food_drinks,finance_economy
This sunset over the lake is absolutely breathtaking tonight üåÖ,positive,@lakeside_observer,male,20,19,234,5678,61,false,false,nature_environment,food_drinks
My car broke down in the worst possible location,negative,@automotive_troubles,male,16,11,48,2134,44,false,false,transportation,pets_animals
The local bookstore has such a cozy reading atmosphere,positive,@bookstore_wanderer,female,14,8,87,2543,52,false,false,entertainment,shopping_retail
The grocery delivery was missing three essential items again,negative,@online_grocery_user,female,17,6,29,1234,57,false,false,transportation,shopping_retail
My grandmother's secret recipe finally turned out perfect! üëµ,positive,@family_recipe_keeper,female,18,14,123,3987,58,false,false,family_relationships,personal_development
The road construction detour added an hour to my commute,negative,@detour_victim_daily,male,7,9,39,1567,55,false,false,transportation,urban_infrastructure
This meditation app is helping me sleep so much better,positive,@sleep_improvement,female,22,12,98,2876,52,false,false,health_wellness,technology
The restaurant's portion sizes have gotten ridiculously small,negative,@value_conscious_diner,male,19,8,34,1876,57,false,false,food_drinks,shopping_retail
My neighbor's new puppy is the cutest thing ever! üê∂,positive,@dog_enthusiast_neighbor,female,16,15,156,4321,48,false,false,pets_animals,community_social
The elevator in my building has been broken for weeks,negative,@high_rise_resident,male,13,7,31,1234,49,false,false,home_lifestyle,urban_infrastructure
This hiking group has become my favorite weekend activity,positive,@weekend_hiker_social,female,9,11,89,2654,55,false,false,nature_environment,leisure_fun
The streaming service removed my favorite show again,negative,@streaming_subscriber,male,21,12,43,1987,51,false,false,entertainment,technology
My daughter's dance recital was absolutely magical tonight üíÉ,positive,@dance_recital_parent,female,19,23,189,4567,58,false,false,family_relationships,personal_development
The weather forecast was completely wrong about the rain,negative,@weather_dependent_plans,male,14,8,35,1345,54,false,false,nature_environment,food_drinks
This local farmers market supports amazing small businesses,positive,@small_business_supporter,female,11,9,76,2134,58,false,false,food_drinks,community_social
My phone's battery life is getting worse every day,negative,@tech_frustration_user,male,15,6,27,876,48,false,false,technology,communication
The community garden project is bringing neighbors together beautifully,positive,@community_organizer,female,17,13,134,3987,68,true,false,nature_environment,community_social
The bus driver was incredibly rude to elderly passengers,negative,@public_transit_observer,male,12,11,47,2134,58,false,false,transportation,personal_development
My son just got accepted to his dream college! üéì,positive,@college_acceptance_parent,female,16,28,245,6789,48,false,false,family_relationships,education
The restaurant's online ordering system crashed during dinner rush,negative,@digital_ordering_user,male,18,9,38,1567,63,false,false,food_drinks,technology
This photography exhibit showcases incredible local talent,positive,@art_exhibition_visitor,female,14,12,98,2876,57,false,false,community_social,entertainment
The parking app charged me twice for the same spot,negative,@mobile_parking_user,male,13,7,32,1234,48,false,false,transportation,nature_environment
My cat learned to open doors and now explores everywhere üê±,positive,@clever_cat_owner,female,20,14,123,3456,58,false,false,pets_animals,travel_tourism
The construction detour signs are confusing and poorly placed,negative,@navigation_frustrated,male,11,8,41,1876,60,false,false,home_lifestyle,transportation
This cooking class taught me to make perfect pasta sauce,positive,@culinary_skill_builder,female,19,10,87,2543,54,false,false,food_drinks,education
The movie theater's seats were uncomfortable throughout the film,negative,@cinema_comfort_critic,male,21,6,29,1345,61,false,false,entertainment,food_drinks
My garden's first harvest exceeded all my expectations! ü•ï,positive,@first_time_gardener,female,17,16,145,4123,54,false,false,nature_environment,personal_development
The customer service chat bot couldn't understand my question,negative,@ai_support_struggle,male,10,9,36,1987,57,false,false,work_business,shopping_retail
This volunteer beach cleanup made a real environmental difference,positive,@environmental_volunteer,female,8,18,167,4567,62,false,false,community_social,health_wellness
The grocery store's self-checkout machines were all broken,negative,@self_service_user,male,15,7,33,1234,56,false,false,shopping_retail,personal_development
My nephew's piano performance brought tears to my eyes üéπ,positive,@music_appreciation_aunt,female,18,19,178,4321,56,false,false,family_relationships,entertainment
The internet provider's customer service was absolutely useless,negative,@connectivity_issues,male,14,13,51,2134,59,false,false,work_business,shopping_retail
This local coffee roaster makes the most amazing blends,positive,@coffee_quality_seeker,female,9,11,89,2876,54,false,false,food_drinks,community_social
The parking meter wouldn't accept my credit card payment,negative,@cashless_payment_struggle,male,12,5,24,876,53,false,false,transportation,shopping_retail
My daughter's science project won the school competition! üî¨,positive,@science_fair_parent,female,16,22,198,5432,57,false,false,pets_animals,science_research
The restaurant's new chef has completely ruined the menu,negative,@longtime_restaurant_fan,male,20,10,44,1876,55,false,false,food_drinks,personal_development
This meditation retreat provided exactly the peace I needed,positive,@wellness_seeker,female,19,15,134,3987,56,false,false,health_wellness,food_drinks
The delivery app added mysterious fees to my order,negative,@food_delivery_user,male,18,8,37,1567,48,false,false,transportation,technology
My rescue dog finally trusts me completely! Bond building üêï,positive,@rescue_dog_parent,female,17,17,156,4123,58,false,false,pets_animals,home_lifestyle
The train delays are getting worse every single week,negative,@rail_commuter_frustrated,male,7,12,48,2134,51,false,false,transportation,nature_environment
This farmers market vendor has the sweetest strawberries ever üçì,positive,@fresh_fruit_enthusiast,female,10,9,78,2345,62,false,false,food_drinks,personal_development
My laptop's keyboard stopped working during important presentation,negative,@tech_failure_victim,male,13,11,42,1987,63,false,false,work_business,technology
The community theater auditions went better than expected today,positive,@aspiring_actor_hopeful,female,19,14,123,3456,60,false,false,entertainment,food_drinks
The parking garage's payment system was down all afternoon,negative,@downtown_shopper,male,15,6,31,1234,57,false,false,transportation,shopping_retail
My son's soccer team showed incredible sportsmanship today ‚öΩ,positive,@youth_sports_parent,female,16,18,167,4321,59,false,false,family_relationships,sports_recreation
The coffee shop's wifi password changed without any notice,negative,@remote_worker_nomad,male,11,7,34,1345,54,false,false,food_drinks,technology
This art class is helping me discover my creative side,positive,@artistic_beginner,female,18,12,98,2876,51,false,false,education,arts_culture
The grocery store's produce section had mostly spoiled items,negative,@fresh_food_seeker,male,14,9,38,1567,58,false,false,food_drinks,shopping_retail
My cat finally accepted the new kitten! Feline friendship üê±,positive,@multi_cat_household,female,20,16,145,3987,54,false,false,pets_animals,personal_development
The bus broke down halfway through my important journey,negative,@public_transport_dependent,male,8,13,52,2134,54,false,false,transportation,travel_tourism
This photography workshop exceeded all my learning expectations,positive,@photography_student,female,17,11,89,2543,60,false,false,work_business,education
The restaurant's service has declined significantly this year,negative,@dining_standards_observer,male,19,8,35,1876,56,false,false,food_drinks,shopping_retail
My daughter's graduation speech was absolutely inspiring today üéì,positive,@graduation_ceremony_parent,female,15,25,234,5678,62,false,false,family_relationships,personal_development
The parking app's GPS location was completely inaccurate,negative,@mobile_navigation_user,male,12,6,28,1234,55,false,false,transportation,pets_animals
This volunteer work at the food bank feels incredibly meaningful,positive,@community_service_volunteer,female,11,17,156,4123,63,false,false,food_drinks,community_social
The movie theater's projection quality was terrible tonight,negative,@film_quality_critic,male,21,9,41,1987,54,false,false,entertainment,food_drinks
My garden's sunflowers grew taller than expected! Nature's surprise üåª,positive,@flower_garden_enthusiast,female,16,13,123,3456,66,false,false,nature_environment,personal_development
The customer support ignored my emails for three weeks,negative,@support_ticket_waiter,male,14,11,47,2134,54,false,false,shopping_retail,community_social
This cooking experiment with exotic spices turned out amazing,positive,@culinary_adventurer,female,19,10,87,2876,58,false,false,food_drinks,science_research
The delivery truck blocked my driveway for hours today,negative,@residential_access_blocked,male,13,7,33,1345,52,false,false,transportation,shopping_retail
My nephew's art exhibition opening was a huge success! üé®,positive,@art_family_supporter,female,18,21,189,4567,56,false,false,family_relationships,arts_culture
The grocery store's checkout system crashed during peak hours,negative,@peak_shopping_victim,male,17,12,45,1876,58,false,false,technology,shopping_retail
This yoga instructor helps me find balance in every class,positive,@yoga_practice_devoted,female,8,14,134,3987,55,false,false,health_wellness,education
The parking enforcement officer was unreasonably aggressive today,negative,@parking_citation_receiver,male,11,8,36,1234,60,false,false,transportation,work_business
My dog's obedience training graduation was so rewarding! üêï,positive,@dog_training_graduate,female,16,18,167,4123,56,false,false,transportation,pets_animals
The internet connection failed right before my presentation,negative,@virtual_meeting_host,male,9,13,51,2134,56,false,false,technology,work_business
This local bakery's croissants are absolutely heavenly,positive,@pastry_connoisseur,female,7,9,78,2345,50,false,false,food_drinks,community_social
The automated phone system transferred me to wrong departments,negative,@phone_maze_navigator,male,14,10,39,1567,59,false,false,technology,arts_culture
My daughter's debate team won the regional championship! üèÜ,positive,@debate_team_parent,female,17,24,214,5432,58,false,false,family_relationships,sports_recreation
The restaurant forgot our reservation despite confirmation,negative,@dining_reservation_holder,male,19,8,34,1876,55,false,false,food_drinks,personal_development
This meditation app's sleep stories work like magic,positive,@sleep_improvement_seeker,female,22,15,134,3987,52,false,false,work_business,health_wellness
The grocery delivery arrived with completely wrong items,negative,@online_shopping_disappointed,male,18,9,42,1234,54,false,false,transportation,shopping_retail
My cat's playful antics always brighten my day! üê±,positive,@feline_entertainment_fan,female,20,12,123,3456,49,false,false,pets_animals,sports_recreation
The construction noise violated the city's quiet hours,negative,@noise_ordinance_defender,male,6,11,46,2134,52,false,false,home_lifestyle,politics_government
This hiking trail's wildflower bloom is absolutely spectacular,positive,@nature_photography_hiker,female,15,16,156,4321,59,false,false,nature_environment,personal_development
The coffee shop's barista was incredibly rude this morning,negative,@coffee_service_critic,male,8,7,32,1345,54,false,false,food_drinks,finance_economy
My son's science fair project impressed all the judges üî¨,positive,@science_education_parent,female,16,19,178,4567,57,false,false,family_relationships,science_research
The parking garage's elevator has been broken for months,negative,@accessibility_concern_citizen,male,13,12,48,1987,58,false,false,transportation,nature_environment
This community garden brings neighbors together beautifully,positive,@neighborhood_unity_advocate,female,11,14,134,3987,57,false,false,nature_environment,community_social
The streaming platform removed my show mid-season,negative,@binge_watching_interrupted,male,21,10,43,1876,49,false,false,entertainment,family_relationships
My daughter's piano recital performance was absolutely perfect üéπ,positive,@musical_education_parent,female,18,22,198,4123,62,false,false,family_relationships,entertainment
The weather app's precipitation forecast was completely wrong,negative,@weather_dependent_planner,male,12,8,35,1234,59,false,false,nature_environment,food_drinks
This volunteer animal shelter work is incredibly rewarding,positive,@animal_welfare_volunteer,female,14,17,156,3456,56,false,false,work_business,community_social
The restaurant's portion control has become ridiculously strict,negative,@value_seeking_diner,male,19,7,31,1567,58,false,false,food_drinks,personal_development
My garden's tomato harvest exceeded all expectations! üçÖ,positive,@vegetable_garden_success,female,17,15,145,4321,54,false,false,nature_environment,personal_development
The customer service chatbot couldn't resolve basic issues,negative,@automated_support_frustrated,male,10,9,38,1876,56,false,false,work_business,shopping_retail
This photography club's field trip captured amazing moments,positive,@photography_community_member,female,9,13,123,2876,58,false,false,arts_culture,family_relationships
The grocery store's self-service kiosks were all malfunctioning,negative,@self_checkout_user,male,15,6,29,1234,62,false,false,shopping_retail,community_social
My nephew's graduation ceremony was incredibly moving today üéì,positive,@family_milestone_celebrant,female,16,26,234,5678,59,false,false,family_relationships,personal_development
The parking meter's payment system rejected all payment methods,negative,@street_parking_user,male,11,5,26,987,61,false,false,transportation,shopping_retail
This local farmers market supports sustainable agriculture practices,positive,@sustainable_food_advocate,female,10,11,89,2543,64,false,false,food_drinks,community_social
The delivery driver left my package at the wrong address,negative,@package_delivery_victim,male,14,8,37,1345,53,false,false,transportation,shopping_retail
My dog's agility training progress has been absolutely amazing! üêï,positive,@canine_sports_enthusiast,female,18,17,167,4123,62,false,false,transportation,pets_animals
The internet provider's scheduled maintenance lasted much longer,negative,@connectivity_dependent_worker,male,13,12,49,2134,61,false,false,technology,home_lifestyle
This cooking class teaches traditional techniques beautifully,positive,@culinary_tradition_learner,female,19,12,98,2876,56,false,false,food_drinks,technology
The movie theater's sound system distorted dialogue throughout,negative,@audio_quality_critic,male,21,8,36,1567,58,false,false,entertainment,food_drinks
My daughter's art scholarship acceptance letter arrived today! üé®,positive,@art_education_parent,female,17,28,245,5432,59,false,false,family_relationships,education
The restaurant's online menu prices don't match actual charges,negative,@pricing_transparency_seeker,male,20,9,41,1876,61,false,false,food_drinks,technology
This meditation retreat provided the spiritual renewal I needed,positive,@spiritual_wellness_seeker,female,16,16,156,3987,60,false,false,health_wellness,food_drinks
The grocery store's produce quality has declined significantly recently,negative,@food_quality_observer,male,14,10,44,1234,65,false,false,food_drinks,shopping_retail
My cat's veterinary checkup results were perfectly healthy! üê±,positive,@pet_health_conscious_owner,female,15,14,134,3456,58,false,false,pets_animals,health_wellness
The bus route changes weren't communicated to regular passengers,negative,@public_transit_communicator,male,7,11,47,2134,63,false,false,transportation,pets_animals
This volunteer literacy program makes a real difference,positive,@education_volunteer_advocate,female,12,18,167,4321,54,false,false,community_social,personal_development
The coffee shop's new location has terrible parking availability,negative,@cafe_access_frustrated,male,9,6,31,1345,59,false,false,food_drinks,transportation
My son's robotics team won the state championship! ü§ñ,positive,@stem_education_parent,female,16,25,214,4567,51,false,false,family_relationships,sports_recreation
The customer service representative hung up on me,negative,@phone_support_victim,male,13,9,38,1567,48,false,false,work_business,shopping_retail
This photography workshop taught me incredible lighting techniques,positive,@lighting_technique_student,female,18,13,123,2876,61,false,false,work_business,technology
The parking app's timer function doesn't work properly,negative,@mobile_parking_tool_user,male,12,7,33,1234,52,false,false,transportation,work_business
My garden's butterfly visitors are absolutely enchanting! ü¶ã,positive,@pollinator_garden_creator,female,17,15,145,3987,56,false,false,nature_environment,travel_tourism
The restaurant's reservation system double-booked our table,negative,@dining_reservation_manager,male,19,8,35,1876,57,false,false,food_drinks,entertainment
This mindfulness workshop helps me manage stress effectively,positive,@stress_management_learner,female,14,14,134,3456,58,false,false,work_business,health_wellness
The grocery delivery service forgot my frozen items again,negative,@frozen_food_disappointed,male,18,9,42,1234,54,false,false,transportation,shopping_retail
My daughter's violin performance brought the audience to tears üéª,positive,@classical_music_parent,female,19,21,189,4123,61,false,false,family_relationships,entertainment
The automated customer service system couldn't understand accents,negative,@accessibility_barrier_victim,male,11,10,43,2134,61,false,false,work_business,technology
This local bookstore's reading events create wonderful community,positive,@literary_community_member,female,20,12,98,2543,61,false,false,entertainment,community_social
The parking enforcement rules change without proper notification,negative,@parking_policy_observer,male,13,8,36,1345,59,false,false,transportation,pets_animals
My rescue cat finally learned to trust completely! üê±,positive,@animal_rehabilitation_success,female,16,16,156,3987,52,false,false,pets_animals,personal_development
The internet connection drops every time it rains,negative,@weather_connectivity_victim,male,15,11,47,1567,46,false,false,technology,nature_environment
This cooking experiment with fusion flavors exceeded expectations,positive,@fusion_cuisine_experimenter,female,19,11,89,2876,62,false,false,food_drinks,science_research
The movie theater's concession prices have become absolutely ridiculous,negative,@cinema_value_critic,male,21,7,34,1234,63,false,false,entertainment,food_drinks
My son's debate tournament victory was well-deserved! üèÜ,positive,@competitive_speech_parent,female,17,23,198,4321,53,false,false,family_relationships,education
The restaurant's staff ignored our table for thirty minutes,negative,@service_timing_critic,male,20,9,41,1876,54,false,false,food_drinks,work_business
This yoga class helps me find inner peace daily,positive,@daily_yoga_practitioner,female,8,13,134,3456,45,false,false,health_wellness,education
The grocery store's checkout lines move incredibly slowly,negative,@efficiency_seeking_shopper,male,16,6,29,987,54,false,false,shopping_retail,personal_development
My dog's therapy training certification ceremony was beautiful! üêï,positive,@therapy_dog_trainer,female,18,19,178,4567,61,false,false,transportation,pets_animals
The customer support promised callbacks that never happened,negative,@callback_promise_broken,male,14,12,48,2134,55,false,false,technology,shopping_retail
This community theater production showcases amazing local talent,positive,@local_arts_supporter,female,20,15,145,3987,62,false,false,entertainment,community_social
The parking garage's security cameras don't work properly,negative,@vehicle_security_concerned,male,12,8,37,1345,56,false,false,transportation,work_business
My daughter's scholarship interview went absolutely perfectly today! üéì,positive,@scholarship_interview_parent,female,15,24,214,4123,64,false,false,family_relationships,education
The weather forecast accuracy has declined significantly this season,negative,@weather_prediction_dependent,male,11,9,39,1567,62,false,false,family_relationships,food_drinks
This volunteer environmental cleanup made visible community impact,positive,@environmental_action_volunteer,female,9,17,167,3456,63,false,false,community_social,health_wellness
The restaurant's food quality doesn't justify the increased prices,negative,@value_conscious_critic,male,19,8,35,1876,62,false,false,food_drinks,shopping_retail
My garden's herb collection provides amazing cooking ingredients! üåø,positive,@culinary_herb_gardener,female,17,14,134,2876,62,false,false,food_drinks,nature_environment
The delivery app's estimated timing was off by hours,negative,@time_sensitive_orderer,male,18,7,32,1234,48,false,false,transportation,technology
This photography exhibition inspires creativity in every viewer,positive,@visual_arts_enthusiast,female,14,12,123,3987,58,false,false,arts_culture,food_drinks
The grocery store's organic section prices are completely unreasonable,negative,@organic_food_seeker,male,16,10,44,1567,63,false,false,family_relationships,shopping_retail
My cat's playful personality brings joy to everyone! üê±,positive,@feline_personality_admirer,female,20,13,134,3456,51,false,false,pets_animals,family_relationships
The construction project disrupted traffic patterns for months,negative,@traffic_pattern_observer,male,13,11,46,2134,57,false,false,transportation,home_lifestyle
This meditation practice transforms my daily stress levels,positive,@stress_transformation_seeker,female,22,15,156,4321,54,false,false,health_wellness,personal_development
The customer service training clearly needs significant improvement,negative,@service_quality_assessor,male,10,9,40,1876,59,false,false,transportation,shopping_retail
My son's academic achievement recognition ceremony was inspiring! üèÜ,positive,@academic_excellence_parent,female,16,22,198,4567,64,false,false,family_relationships,education
The parking meter's digital display was completely unreadable,negative,@street_parking_navigator,male,12,5,27,987,56,false,false,transportation,nature_environment
This local farmers market promotes healthy community eating,positive,@healthy_eating_advocate,female,11,11,89,2543,56,false,false,food_drinks,community_social
The movie streaming platform's search function is absolutely terrible,negative,@content_discovery_frustrated,male,21,8,36,1345,63,false,false,entertainment,technology
My daughter's dance performance showcased months of dedication! üíÉ,positive,@dance_dedication_parent,female,19,20,189,4123,62,false,false,pets_animals,entertainment
The restaurant's reservation system crashed during peak dining,negative,@dining_technology_victim,male,18,9,42,1567,57,false,false,food_drinks,technology
This volunteer literacy program changes lives meaningfully,positive,@literacy_impact_volunteer,female,13,18,167,3987,52,false,false,community_social,personal_development
The grocery delivery substitutions were completely inappropriate,negative,@substitution_disappointed_customer,male,17,7,33,1234,58,false,false,transportation,shopping_retail
My rescue dog's progress in socialization has been incredible! üêï,positive,@dog_socialization_success,female,16,17,167,3456,62,false,false,pets_animals,community_social
The internet provider's customer service was absolutely unhelpful,negative,@connectivity_support_failure,male,14,12,49,2134,60,false,false,work_business,shopping_retail
This cooking class preserves traditional family recipes beautifully,positive,@culinary_heritage_preserver,female,19,13,134,2876,61,false,false,food_drinks,family_relationships
The coffee shop's wifi requires constant reconnection attempts,negative,@remote_work_connectivity_issue,male,10,8,37,1345,58,false,false,food_drinks,technology
My garden's seasonal transition displays nature's perfect timing! üçÇ,positive,@seasonal_garden_observer,female,15,14,145,4321,63,false,false,family_relationships,nature_environment
The parking enforcement policies seem designed to generate revenue,negative,@parking_policy_critic,male,11,9,41,1567,60,false,false,transportation,nature_environment
This community garden project builds neighborhood relationships,positive,@neighborhood_relationship_builder,female,12,15,156,3987,58,false,false,nature_environment,community_social
The restaurant's portion sizes have shrunk while prices increased,negative,@value_proposition_critic,male,20,8,35,1876,58,false,false,food_drinks,shopping_retail
My cat's veterinary surgery recovery exceeded all expectations! üê±,positive,@pet_surgery_recovery_joy,female,18,16,167,3456,62,false,false,pets_animals,personal_development
The customer support ticket system lost my detailed complaint,negative,@support_system_failure_victim,male,13,10,43,2134,58,false,false,technology,shopping_retail
This photography workshop develops technical skills and artistic vision,positive,@photography_skill_developer,female,17,12,123,2876,64,false,false,work_business,arts_culture
The grocery store's produce section has limited organic options,negative,@organic_selection_seeker,male,14,7,32,1234,57,false,false,food_drinks,shopping_retail
My son's robotics competition performance was absolutely outstanding! ü§ñ,positive,@robotics_competition_parent,female,16,25,214,4567,66,false,false,pets_animals,entertainment
The delivery service's tracking information was completely inaccurate,negative,@package_tracking_frustrated,male,15,8,36,1345,62,false,false,transportation,shopping_retail
This meditation retreat provided spiritual insights beyond expectations,positive,@spiritual_insight_seeker,female,21,17,167,4123,63,false,false,health_wellness,food_drinks
The movie theater's seating comfort has declined significantly,negative,@cinema_comfort_standards_critic,male,19,6,30,987,58,false,false,entertainment,food_drinks
My daughter's academic scholarship interview was absolutely perfect! üéì,positive,@scholarship_success_parent,female,17,26,234,4321,65,false,false,family_relationships,education
The weather prediction accuracy affects outdoor activity planning,negative,@outdoor_planning_dependent,male,12,9,39,1567,58,false,false,nature_environment,food_drinks
This volunteer animal rescue work creates meaningful life impact,positive,@animal_rescue_impact_volunteer,female,14,18,178,3987,60,false,false,work_business,pets_animals
The restaurant's service quality has consistently disappointed recently,negative,@dining_consistency_observer,male,18,8,37,1876,61,false,false,food_drinks,technology
My garden's butterfly habitat attracts incredible species diversity! ü¶ã,positive,@biodiversity_garden_creator,female,16,15,156,3456,62,false,false,nature_environment,personal_development
The parking garage's payment options are extremely limited,negative,@payment_flexibility_seeker,male,13,6,31,1234,54,false,false,transportation,shopping_retail
This community theater audition process was fair and encouraging,positive,@theater_audition_participant,female,20,14,134,2876,60,false,false,entertainment,food_drinks
The grocery store's checkout technology malfunctions constantly,negative,@checkout_technology_victim,male,15,9,42,1567,56,false,false,technology,shopping_retail
My dog's agility competition debut exceeded training expectations! üêï,positive,@dog_agility_competition_parent,female,18,19,189,4123,64,false,false,transportation,pets_animals
The customer service representative provided incorrect information repeatedly,negative,@misinformation_victim,male,11,11,46,2134,66,false,false,work_business,shopping_retail
This photography club's mentorship program develops emerging talent,positive,@photography_mentorship_participant,female,19,13,134,3987,64,false,false,arts_culture,personal_development
The coffee shop's barista training clearly needs significant improvement,negative,@coffee_service_quality_critic,male,8,7,34,1345,63,false,false,food_drinks,personal_development
My daughter's violin competition performance was absolutely flawless! üéª,positive,@violin_competition_parent,female,16,23,198,4567,64,false,false,pets_animals,entertainment
The internet connection stability problems affect remote work productivity,negative,@remote_productivity_victim,male,9,12,48,1876,66,false,false,work_business,technology
This volunteer environmental education program inspires future conservationists,positive,@environmental_education_volunteer,female,13,17,167,3456,68,false,false,pets_animals,nature_environment
The restaurant's menu pricing transparency has become questionable,negative,@pricing_transparency_critic,male,19,8,36,1234,58,false,false,food_drinks,finance_economy
My rescue cat's personality transformation has been absolutely amazing! üê±,positive,@cat_transformation_witness,female,17,16,167,4321,66,false,false,pets_animals,family_relationships
The delivery tracking system provides misleading location information,negative,@delivery_tracking_frustrated,male,14,9,41,1567,62,false,false,transportation,pets_animals
This meditation practice creates inner peace during challenging times,positive,@challenging_times_peace_seeker,female,22,15,156,2876,62,false,false,health_wellness,food_drinks
The parking enforcement seems focused on revenue generation tactics,negative,@parking_revenue_critic,male,12,10,44,987,59,false,false,transportation,nature_environment
My son's academic recognition ceremony celebrated exceptional achievements! üèÜ,positive,@academic_achievement_celebrant,female,15,24,214,4123,70,false,false,family_relationships,education
The grocery store's customer service desk was understaffed again,negative,@customer_service_understaffing_victim,male,16,7,33,1345,58,false,false,work_business,shopping_retail
This local bookstore's author events create wonderful literary community,positive,@literary_community_builder,female,20,12,123,3987,63,false,false,entertainment,community_social
The movie streaming service's recommendation algorithm is completely broken,negative,@streaming_algorithm_frustrated,male,21,8,37,1234,66,false,false,entertainment,technology
My garden's seasonal flower succession provides year-round beauty! üå∏,positive,@year_round_garden_designer,female,18,14,145,3456,60,false,false,family_relationships,nature_environment
The restaurant's reservation confirmation system sent wrong information,negative,@reservation_system_victim,male,20,9,42,1876,62,false,false,food_drinks,technology
This volunteer community kitchen serves hundreds of families weekly,positive,@community_service_impact_volunteer,female,11,19,189,4567,64,false,false,community_social,personal_development
The customer support phone system disconnected after long wait,negative,@phone_system_disconnection_victim,male,13,11,47,2134,58,false,false,technology,shopping_retail
My daughter's scholarship acceptance opens incredible educational opportunities! üéì,positive,@educational_opportunity_parent,female,17,27,245,4321,71,false,false,pets_animals,education
The parking meter's payment processing speed is frustratingly slow,negative,@payment_processing_frustrated,male,11,5,28,987,58,false,false,transportation,shopping_retail
This photography workshop teaches composition techniques that transform images,positive,@composition_technique_learner,female,19,13,134,2876,67,false,false,work_business,technology
The grocery delivery app's interface design is extremely user-unfriendly,negative,@user_interface_critic,male,17,8,36,1345,63,false,false,transportation,shopping_retail
My dog's therapy certification allows visits to nursing homes! üêï,positive,@therapy_dog_certification_proud,female,16,18,178,4123,60,false,false,pets_animals,health_wellness
The internet provider's installation appointment was rescheduled repeatedly,negative,@installation_scheduling_victim,male,14,12,49,1567,66,false,false,technology,food_drinks
This cooking class teaches sustainable ingredient sourcing practices,positive,@sustainable_cooking_learner,female,18,14,134,3987,58,false,false,food_drinks,education
The coffee shop's loyalty program rewards system is confusing,negative,@loyalty_program_confused,male,9,6,31,1234,53,false,false,food_drinks,technology
My cat's playful interactions with visiting children bring joy! üê±,positive,@child_friendly_cat_owner,female,20,15,156,3456,58,false,false,pets_animals,family_relationships
The construction noise ordinance violations continue without enforcement,negative,@noise_ordinance_violation_victim,male,6,13,52,2134,65,false,false,home_lifestyle,urban_infrastructure
This community garden harvest feeds local food bank regularly,positive,@food_security_volunteer,female,12,16,167,4567,55,false,false,food_drinks,community_social
The restaurant's online ordering system charges hidden processing fees,negative,@hidden_fee_victim,male,18,9,41,1876,58,false,false,food_drinks,technology
My son's debate team preparation demonstrates dedication to excellence! üèÜ,positive,@debate_excellence_parent,female,15,22,198,4321,65,false,false,pets_animals,family_relationships
The parking garage's elevator maintenance schedule is never posted,negative,@elevator_maintenance_frustrated,male,13,8,37,987,57,false,false,transportation,nature_environment
This volunteer literacy program teaches reading skills to adults,positive,@adult_literacy_volunteer,female,14,17,167,3987,56,false,false,community_social,entertainment
The grocery store's self-checkout supervision is practically nonexistent,negative,@self_checkout_supervision_critic,male,16,7,34,1345,63,false,false,shopping_retail,communication
My daughter's art exhibition opening showcased incredible creative growth! üé®,positive,@creative_growth_parent,female,19,21,189,4123,66,false,false,family_relationships,arts_culture
The weather forecast's temperature predictions were off by degrees,negative,@temperature_dependent_planner,male,10,9,40,1567,58,false,false,nature_environment,food_drinks
This meditation app's guided sessions help manage anxiety effectively,positive,@anxiety_management_seeker,female,22,16,167,2876,57,false,false,health_wellness,technology
The delivery service promised same-day delivery but took three days,negative,@delivery_promise_broken,male,17,10,44,1234,59,false,false,transportation,shopping_retail
My rescue dog's socialization progress exceeds trainer expectations! üêï,positive,@dog_socialization_exceeder,female,16,18,178,3456,61,false,false,transportation,pets_animals
The customer service representative couldn't access my account information,negative,@account_access_problem_victim,male,12,11,46,2134,62,false,false,work_business,shopping_retail
This photography exhibition celebrates diverse cultural perspectives beautifully,positive,@cultural_diversity_appreciator,female,21,14,134,3987,67,false,false,arts_culture,entertainment
The coffee shop's barista turnover rate affects service consistency,negative,@service_consistency_observer,male,8,8,35,1345,58,false,false,food_drinks,shopping_retail
My garden's pollinator plants attract beneficial insects successfully! üêù,positive,@pollinator_habitat_creator,female,17,15,156,4567,62,false,false,nature_environment,personal_development
The parking enforcement officer issued tickets during posted grace periods,negative,@grace_period_violation_victim,male,11,9,42,987,63,false,false,transportation,work_business
This community theater production brings neighbors together through arts,positive,@community_arts_connector,female,20,16,167,4321,62,false,false,entertainment,community_social
The restaurant's ingredient quality has declined while prices increased,negative,@ingredient_quality_critic,male,19,8,36,1876,58,false,false,food_drinks,shopping_retail
My cat's veterinary checkup revealed perfect health at age fifteen! üê±,positive,@senior_cat_health_celebrant,female,15,17,178,3456,64,false,false,pets_animals,health_wellness
The internet connection drops during every video conference call,negative,@video_conference_connectivity_victim,male,9,13,51,1567,56,false,false,technology,education
This volunteer animal shelter work saves lives and creates families,positive,@life_saving_volunteer,female,13,19,189,4123,57,false,false,work_business,community_social
The grocery store's produce pricing seems designed to discourage healthy eating,negative,@healthy_eating_cost_critic,male,14,10,43,1234,68,false,false,food_drinks,shopping_retail
My son's robotics innovation earned regional recognition today! ü§ñ,positive,@innovation_recognition_parent,female,16,25,214,4567,56,false,false,family_relationships,science_research
The delivery app's customer service chat function is completely useless,negative,@chat_support_useless_victim,male,18,9,41,1345,58,false,false,transportation,shopping_retail
This meditation retreat provided spiritual healing beyond expectations,positive,@spiritual_healing_recipient,female,21,18,178,2876,58,false,false,health_wellness,food_drinks
The movie theater's concession quality doesn't justify premium pricing,negative,@concession_value_critic,male,20,7,33,987,59,false,false,entertainment,food_drinks
My daughter's piano performance demonstrated months of dedicated practice! üéπ,positive,@practice_dedication_parent,female,18,23,198,4321,67,false,false,pets_animals,entertainment
The weather app's notification timing is consistently unhelpful,negative,@weather_notification_timing_critic,male,12,8,38,1567,54,false,false,pets_animals,food_drinks
This volunteer environmental restoration project creates lasting ecosystem impact,positive,@ecosystem_restoration_volunteer,female,10,17,167,3987,68,false,false,technology,nature_environment
The restaurant's portion control policy seems designed to increase profits,negative,@portion_profit_critic,male,19,8,37,1876,62,false,false,food_drinks,arts_culture
My garden's butterfly garden attracts rare species for photography! ü¶ã,positive,@rare_species_photographer,female,16,16,167,3456,60,false,false,nature_environment,arts_culture
The parking garage's security system recorded false alarms constantly,negative,@false_alarm_victim,male,13,9,42,1234,57,false,false,transportation,nature_environment
This community cooking class preserves cultural food traditions,positive,@cultural_tradition_preserver,female,19,15,156,4567,55,false,false,food_drinks,education
The grocery store's checkout conveyor belt was broken for weeks,negative,@checkout_equipment_broken_victim,male,15,6,32,1345,57,false,false,shopping_retail,personal_development
My dog's agility training success opens competitive opportunities! üêï,positive,@competitive_opportunity_opener,female,18,19,189,4123,61,false,false,transportation,pets_animals
The customer support promised resolution within hours but took weeks,negative,@resolution_timeline_broken,male,11,12,48,2134,59,false,false,shopping_retail,community_social
This photography club's mentorship connects experienced artists with beginners,positive,@artistic_mentorship_connector,female,17,14,134,2876,66,false,false,arts_culture,travel_tourism
The coffee shop's music volume makes conversation practically impossible,negative,@conversation_volume_victim,male,10,7,34,987,58,false,false,food_drinks,communication
My daughter's scholarship interview demonstrated exceptional academic preparation! üéì,positive,@academic_preparation_parent,female,15,26,234,4321,72,false,false,family_relationships,education
The internet provider's data usage monitoring system provides inaccurate readings,negative,@data_monitoring_inaccuracy_victim,male,14,11,47,1567,67,false,false,technology,entertainment
This volunteer literacy program empowers adults with reading confidence,positive,@reading_confidence_empowerer,female,12,18,178,3987,58,false,false,community_social,entertainment
The restaurant's service quality varies dramatically between different servers,negative,@service_consistency_critic,male,20,8,36,1876,63,false,false,food_drinks,shopping_retail
My rescue cat's transformation from fearful to loving is incredible! üê±,positive,@cat_transformation_miracle,female,17,17,178,3456,61,false,false,pets_animals,personal_development
The delivery tracking updates arrive hours after actual package movement,negative,@tracking_delay_frustrated,male,16,9,41,1345,62,false,false,transportation,shopping_retail
This meditation practice creates mental clarity during stressful periods,positive,@mental_clarity_seeker,female,22,16,167,4567,58,false,false,health_wellness,food_drinks
The parking meter's payment confirmation receipt never prints properly,negative,@receipt_printing_problem_victim,male,11,5,29,1234,59,false,false,transportation,shopping_retail
My son's academic achievement recognition inspires continued excellence! üèÜ,positive,@continued_excellence_inspiration,female,16,24,214,4123,67,false,false,family_relationships,education
The grocery store's customer service response time is unacceptably slow,negative,@response_time_unacceptable_critic,male,17,8,37,987,58,false,false,work_business,shopping_retail
This local bookstore's reading series introduces amazing contemporary authors,positive,@contemporary_author_introducer,female,21,13,134,2876,66,false,false,entertainment,shopping_retail
The movie streaming platform's content removal notifications are inadequate,negative,@content_removal_notification_critic,male,22,9,42,1567,64,false,false,entertainment,pets_animals
My garden's winter preparation protects plants beautifully! ‚ùÑÔ∏è,positive,@winter_garden_prepper,female,16,14,134,3456,53,false,false,nature_environment,personal_development
The delivery service's package handling damages items regularly,negative,@package_damage_victim,male,15,8,38,1234,54,false,false,transportation,shopping_retail
This volunteer senior center program brings intergenerational joy,positive,@intergenerational_volunteer,female,13,16,167,4567,58,false,false,community_social,personal_development
The restaurant's cleanliness standards have declined noticeably,negative,@cleanliness_standards_observer,male,19,7,35,1876,55,false,false,food_drinks,personal_development
My cat's hunting instincts provide endless entertainment! üê±,positive,@hunting_instinct_observer,female,18,13,134,3987,54,false,false,pets_animals,leisure_fun
The customer service training program is clearly inadequate,negative,@training_inadequacy_critic,male,11,10,43,2134,56,false,false,transportation,shopping_retail
This meditation workshop teaches mindfulness techniques effectively,positive,@mindfulness_technique_learner,female,20,15,156,2876,59,false,false,work_business,health_wellness
The grocery store's loyalty card system malfunctions constantly,negative,@loyalty_system_frustrated,male,14,6,32,1345,56,false,false,transportation,shopping_retail
My son's swimming competition performance was absolutely incredible! üèä,positive,@swimming_competition_parent,female,17,21,189,4123,63,false,false,pets_animals,sports_recreation
The parking enforcement targets specific neighborhoods unfairly,negative,@enforcement_bias_observer,male,12,9,41,987,54,false,false,transportation,community_social
This community art project transforms public spaces positively,positive,@public_art_advocate,female,15,17,167,3456,58,false,false,community_social,arts_culture
The coffee shop's temperature control makes work uncomfortable,negative,@workspace_comfort_critic,male,10,7,33,1234,53,false,false,food_drinks,work_business
My daughter's theater audition callback was such exciting news! üé≠,positive,@theater_callback_parent,female,16,19,178,4567,61,false,false,entertainment,food_drinks
The internet provider's billing system contains frequent errors,negative,@billing_accuracy_victim,male,13,11,46,2134,55,false,false,technology,personal_development
This volunteer disaster relief work provides critical community support,positive,@disaster_relief_volunteer,female,9,18,189,3987,62,false,false,work_business,community_social
The restaurant's wait staff turnover affects service quality,negative,@service_quality_decline_observer,male,20,8,37,1876,57,false,false,food_drinks,work_business
My garden's companion planting strategy works perfectly! üåø,positive,@companion_planting_gardener,female,18,14,145,2876,55,false,false,work_business,nature_environment
The delivery app's surge pricing during storms seems predatory,negative,@surge_pricing_critic,male,17,9,42,1345,56,false,false,transportation,nature_environment
This photography course develops artistic vision beyond technique,positive,@artistic_vision_developer,female,19,12,123,4321,58,false,false,technology,arts_culture
The grocery store's produce section organization is completely chaotic,negative,@produce_organization_critic,male,15,7,34,1567,59,false,false,food_drinks,shopping_retail
My dog's social skills with other dogs have improved dramatically! üêï,positive,@dog_socialization_proud,female,16,16,167,3456,62,false,false,pets_animals,community_social
The customer service response contradicts previous representatives,negative,@contradictory_service_victim,male,12,10,44,2134,60,false,false,work_business,shopping_retail
This local bookstore's children's reading program is wonderful,positive,@children_reading_advocate,female,11,15,156,4567,58,false,false,entertainment,family_relationships
The parking garage's lighting system fails regularly at night,negative,@parking_safety_concerned,male,21,8,36,987,51,false,false,transportation,nature_environment
My daughter's science project methodology impressed her teacher! üî¨,positive,@science_methodology_parent,female,15,20,189,4123,61,false,false,family_relationships,science_research
The weather app's radar images are consistently outdated,negative,@radar_accuracy_dependent,male,14,9,40,1234,50,false,false,nature_environment,food_drinks
This volunteer environmental monitoring program protects local ecosystems,positive,@ecosystem_monitoring_volunteer,female,8,17,178,3987,65,false,false,technology,nature_environment
The restaurant's ingredient sourcing practices seem questionable,negative,@ingredient_sourcing_critic,male,19,8,35,1876,56,false,false,food_drinks,personal_development
My cat's purring provides therapeutic comfort during illness! üê±,positive,@therapeutic_purring_recipient,female,22,14,134,2876,59,false,false,pets_animals,personal_development
The delivery service's customer communication is practically nonexistent,negative,@communication_void_victim,male,16,9,41,1345,59,false,false,transportation,shopping_retail
This meditation retreat's setting enhances spiritual practice,positive,@spiritual_setting_appreciator,female,21,16,167,4321,55,false,false,health_wellness,food_drinks
The grocery store's checkout staff seems undertrained consistently,negative,@checkout_training_critic,male,17,7,33,1567,54,false,false,transportation,shopping_retail
My son's academic scholarship interview preparation paid off! üéì,positive,@scholarship_preparation_parent,female,16,25,214,4567,58,false,false,family_relationships,education
The parking meter's screen visibility is terrible in sunlight,negative,@screen_visibility_frustrated,male,13,5,28,987,50,false,false,transportation,nature_environment
This community theater's costume design is absolutely stunning,positive,@costume_design_admirer,female,20,13,134,3456,56,false,false,entertainment,food_drinks
The coffee shop's barista scheduling creates service inconsistency,negative,@scheduling_inconsistency_observer,male,9,8,36,1234,59,false,false,food_drinks,shopping_retail
My garden's heirloom varieties preserve genetic diversity! üå±,positive,@genetic_diversity_preserver,female,18,15,156,2876,58,false,false,nature_environment,personal_development
The internet connection's upload speed is significantly slower than advertised,negative,@upload_speed_disappointed,male,14,12,48,2134,64,false,false,technology,personal_development
This volunteer wildlife rehabilitation work saves injured animals,positive,@wildlife_rehabilitation_volunteer,female,12,18,189,4123,59,false,false,work_business,pets_animals
The restaurant's noise level makes conversation impossible,negative,@conversation_noise_victim,male,20,6,31,1876,48,false,false,food_drinks,communication
My daughter's violin practice dedication shows in performance quality! üéª,positive,@practice_dedication_observer,female,17,22,198,4321,65,false,false,pets_animals,entertainment
The delivery tracking system's location updates are hours behind,negative,@tracking_delay_victim,male,15,8,37,1345,55,false,false,transportation,pets_animals
This photography exhibition showcases community talent beautifully,positive,@community_talent_showcase,female,14,14,145,3987,56,false,false,community_social,entertainment
The grocery store's self-service scales are chronically inaccurate,negative,@scale_accuracy_frustrated,male,16,7,34,1567,52,false,false,shopping_retail,community_social
My rescue dog's transformation from fearful to confident is amazing! üêï,positive,@fearful_to_confident_transformation,female,18,17,178,2876,64,false,false,pets_animals,personal_development
The customer service chatbot's responses are completely irrelevant,negative,@chatbot_irrelevance_victim,male,11,9,42,1234,55,false,false,work_business,shopping_retail
This local farmers market's seasonal variety keeps cooking interesting,positive,@seasonal_variety_appreciator,female,10,11,123,4567,61,false,false,food_drinks,family_relationships
The parking enforcement officer's attitude was unnecessarily hostile,negative,@hostile_enforcement_victim,male,12,8,38,987,56,false,false,transportation,work_business
My son's robotics team collaboration skills have developed wonderfully! ü§ñ,positive,@collaboration_skills_parent,female,16,23,189,4123,66,false,false,family_relationships,sports_recreation
The weather forecast's wind speed predictions are consistently wrong,negative,@wind_prediction_dependent,male,13,9,40,1345,57,false,false,nature_environment,food_drinks
This volunteer food distribution program addresses community hunger,positive,@hunger_solution_volunteer,female,11,19,167,3456,58,false,false,food_drinks,community_social
The restaurant's portion consistency varies dramatically between visits,negative,@portion_consistency_critic,male,19,8,36,1876,59,false,false,food_drinks,travel_tourism
My cat's cognitive abilities continue to surprise veterinarians! üê±,positive,@cognitive_ability_amazed,female,15,16,156,2876,56,false,false,pets_animals,personal_development
The delivery app's estimated fees differ significantly from final charges,negative,@fee_estimation_victim,male,17,9,43,1234,60,false,false,transportation,finance_economy
This meditation practice helps process grief in healthy ways,positive,@grief_processing_meditator,female,23,15,134,4321,55,false,false,health_wellness,community_social
The grocery store's produce quality inspection seems nonexistent,negative,@quality_inspection_critic,male,14,7,32,1567,56,false,false,food_drinks,shopping_retail
My daughter's academic conference presentation was outstanding! üéì,positive,@academic_presentation_parent,female,18,24,198,4567,59,false,false,family_relationships,education
The parking garage's ventilation system is completely inadequate,negative,@ventilation_inadequacy_victim,male,13,8,37,987,53,false,false,transportation,nature_environment
This community garden's educational program teaches sustainable practices,positive,@sustainable_education_advocate,female,12,16,167,3987,64,false,false,pets_animals,nature_environment
The coffee shop's loyalty rewards redemption process is unnecessarily complex,negative,@rewards_complexity_frustrated,male,10,6,31,1345,66,false,false,food_drinks,finance_economy
My garden's pollinator diversity supports the entire neighborhood ecosystem! üêù,positive,@ecosystem_supporter,female,17,15,145,2876,67,false,false,nature_environment,community_social
The internet provider's service interruptions occur during peak usage,negative,@peak_usage_interruption_victim,male,9,11,47,2134,61,false,false,technology,shopping_retail
This volunteer literacy program's impact on adult learners is transformative,positive,@transformative_literacy_volunteer,female,13,18,178,4123,66,false,false,community_social,personal_development
The restaurant's ingredient freshness has declined noticeably this season,negative,@freshness_decline_observer,male,20,8,35,1876,58,false,false,food_drinks,family_relationships
My dog's therapy work brings joy to hospital patients! üêï,positive,@therapy_work_joy_provider,female,16,19,189,3456,54,false,false,work_business,pets_animals
The delivery service's package security measures are clearly insufficient,negative,@package_security_concerned,male,15,9,41,1234,59,false,false,transportation,shopping_retail
This photography workshop's lighting techniques transform ordinary subjects,positive,@lighting_transformation_learner,female,19,13,123,4321,62,false,false,work_business,technology
The grocery store's checkout line management is completely inefficient,negative,@checkout_efficiency_critic,male,16,6,30,1567,58,false,false,shopping_retail,personal_development
My daughter's dance choreography demonstrates exceptional creativity! üíÉ,positive,@choreography_creativity_parent,female,18,21,167,4567,61,false,false,family_relationships,food_drinks
The parking meter's payment confirmation system fails regularly,negative,@payment_confirmation_failure_victim,male,11,5,27,987,54,false,false,transportation,shopping_retail
This local bookstore's author reading series enriches community culture,positive,@cultural_enrichment_advocate,female,21,12,134,2876,62,false,false,entertainment,community_social
The customer service phone menu options are designed to discourage calls,negative,@phone_menu_discouraged,male,12,10,44,1345,60,false,false,work_business,shopping_retail
My cat's hunting presentations are elaborate displays of affection! üê±,positive,@hunting_presentation_recipient,female,20,14,145,3987,61,false,false,pets_animals,work_business
The weather app's severe weather alerts arrive after storms pass,negative,@alert_timing_frustrated,male,14,8,38,1234,53,false,false,nature_environment,food_drinks
This volunteer senior companionship program reduces isolation meaningfully,positive,@isolation_reduction_volunteer,female,11,17,156,4123,63,false,false,community_social,personal_development
The restaurant's reservation system prioritizes walk-ins over reservations,negative,@reservation_priority_confused,male,19,9,42,1876,62,false,false,food_drinks,technology
My son's chess tournament strategy development shows analytical thinking! ‚ôüÔ∏è,positive,@analytical_thinking_parent,female,15,20,178,4321,64,false,false,family_relationships,sports_recreation
The delivery tracking map functionality is completely broken,negative,@tracking_map_broken_victim,male,17,8,36,1567,46,false,false,transportation,shopping_retail
This meditation app's customization options support individual practice needs,positive,@customization_appreciated_user,female,22,16,134,2876,64,false,false,health_wellness,technology
The grocery store's organic produce section pricing drives customers away,negative,@organic_pricing_driven_away,male,16,7,33,1234,58,false,false,food_drinks,shopping_retail
My garden's winter wildlife feeding stations attract beautiful birds! üê¶,positive,@wildlife_feeding_enthusiast,female,8,15,167,3456,62,false,false,nature_environment,pets_animals
The parking enforcement schedule seems designed to maximize citations,negative,@citation_maximization_critic,male,13,9,41,987,58,false,false,transportation,nature_environment
This community theater's accessibility accommodations are thoughtfully implemented,positive,@accessibility_accommodation_appreciator,female,20,14,145,4567,68,false,false,entertainment,food_drinks
The coffee shop's temperature fluctuations make extended stays uncomfortable,negative,@temperature_fluctuation_victim,male,10,7,34,1345,62,false,false,food_drinks,finance_economy
My daughter's science fair project methodology impressed university judges! üî¨,positive,@university_impressed_parent,female,16,25,214,4123,66,false,false,family_relationships,science_research
The internet connection's latency issues affect video calls significantly,negative,@latency_issue_victim,male,9,12,48,2134,55,false,false,technology,social_issues
This volunteer environmental restoration project shows measurable ecosystem improvement,positive,@measurable_improvement_volunteer,female,10,18,189,3987,71,false,false,technology,nature_environment
The restaurant's service quality depends entirely on which server assists,negative,@server_dependent_service_critic,male,20,8,37,1876,61,false,false,food_drinks,shopping_retail
My rescue cat's socialization with children has exceeded expectations! üê±,positive,@child_socialization_success,female,17,16,156,2876,59,false,false,pets_animals,family_relationships
The delivery service's customer support response time is unacceptably long,negative,@support_response_time_victim,male,18,9,43,1234,60,false,false,transportation,shopping_retail
This photography club's community exhibition celebrates local perspectives,positive,@local_perspective_celebrator,female,14,13,134,4321,62,false,false,community_social,arts_culture
The grocery store's produce section layout confuses even regular customers,negative,@produce_layout_confused,male,15,6,31,1567,57,false,false,food_drinks,shopping_retail
My son's academic presentation skills have developed remarkably! üéì,positive,@presentation_skills_parent,female,17,22,198,4567,56,false,false,family_relationships,education
The parking garage's payment system accepts only specific card types,negative,@payment_limitation_frustrated,male,12,5,28,987,55,false,false,transportation,shopping_retail
This local farmers market's vendor diversity supports multiple communities,positive,@vendor_diversity_supporter,female,11,11,123,3456,60,false,false,food_drinks,community_social
The customer service representative's knowledge base seems extremely limited,negative,@knowledge_limitation_frustrated,male,13,10,45,1345,59,false,false,work_business,shopping_retail
My dog's agility training progress demonstrates incredible learning capacity! üêï,positive,@learning_capacity_amazed,female,18,18,178,2876,63,false,false,transportation,personal_development
The weather prediction model's accuracy has declined significantly this year,negative,@prediction_accuracy_decline_observer,male,14,9,39,1234,62,false,false,nature_environment,food_drinks
This volunteer habitat restoration work creates lasting environmental benefits,positive,@environmental_benefit_creator,female,9,17,167,4123,63,false,false,work_business,food_drinks
The restaurant's menu item availability changes without updating descriptions,negative,@menu_availability_frustrated,male,19,8,35,1876,64,false,false,food_drinks,personal_development
My garden's permaculture design principles create sustainable food production! üå±,positive,@permaculture_design_implementer,female,16,14,145,3987,66,false,false,food_drinks,nature_environment
The delivery app's surge pricing algorithm seems designed to exploit urgency,negative,@surge_exploitation_critic,male,17,9,42,1567,63,false,false,transportation,technology
This meditation retreat's silence periods provide profound inner clarity,positive,@silence_clarity_recipient,female,21,15,134,4321,58,false,false,health_wellness,food_drinks
The grocery store's checkout system crashes during every weekend rush,negative,@weekend_crash_victim,male,16,7,34,1234,57,false,false,technology,shopping_retail
My daughter's violin ensemble performance demonstrated exceptional teamwork! üéª,positive,@ensemble_teamwork_parent,female,18,23,189,4567,64,false,false,work_business,entertainment
The parking meter's coin slot mechanism jams with foreign objects,negative,@coin_slot_jam_victim,male,11,5,26,987,51,false,false,transportation,nature_environment
This community art center's workshops make creativity accessible to everyone,positive,@creativity_accessibility_advocate,female,15,16,156,2876,63,false,false,work_business,arts_culture
The coffee shop's wifi bandwidth limitations affect remote work productivity,negative,@bandwidth_limitation_victim,male,10,8,37,1345,62,false,false,food_drinks,entertainment
My cat's problem-solving abilities continue to surprise behavioral experts! üê±,positive,@problem_solving_amazed,female,20,15,145,3456,61,false,false,pets_animals,social_issues
The internet provider's customer service holds exceed reasonable waiting times,negative,@hold_time_excessive_victim,male,12,11,46,2134,58,false,false,work_business,shopping_retail
This volunteer disaster preparedness program educates community resilience,positive,@resilience_education_volunteer,female,13,17,167,4123,61,false,false,pets_animals,community_social
The restaurant's portion control policy seems designed to increase order frequency,negative,@order_frequency_manipulation_critic,male,20,8,36,1876,67,false,false,food_drinks,arts_culture
My son's robotics innovation project earned national recognition! ü§ñ,positive,@national_recognition_parent,female,16,26,234,4567,55,false,false,family_relationships,science_research
The delivery tracking system's estimated arrival times are consistently inaccurate,negative,@arrival_estimation_frustrated,male,15,8,38,1234,66,false,false,transportation,technology
This photography workshop's composition techniques improve every participant's skills,positive,@composition_improvement_participant,female,19,12,123,3987,66,false,false,work_business,arts_culture
The grocery store's self-checkout supervision is completely absent during peak hours,negative,@supervision_absent_critic,male,17,6,32,1567,68,false,false,shopping_retail,personal_development
My garden's companion planting reduces pest problems naturally! üåø,positive,@natural_pest_control_gardener,female,18,14,134,2876,57,false,false,nature_environment,social_issues
The parking enforcement officer's citation timing seems deliberately opportunistic,negative,@opportunistic_citation_victim,male,13,9,41,987,62,false,false,transportation,work_business
This local bookstore's community reading groups foster intellectual discussion,positive,@intellectual_discussion_facilitator,female,21,13,145,4321,63,false,false,entertainment,community_social
The customer service training program fails to address actual customer needs,negative,@training_failure_observer,male,11,10,44,1345,64,false,false,transportation,shopping_retail
My daughter's academic research methodology impressed graduate advisors! üéì,positive,@graduate_advisor_impressed_parent,female,17,25,214,4567,61,false,false,family_relationships,education
The weather app's precipitation timing predictions are completely unreliable,negative,@precipitation_timing_unreliable_critic,male,14,8,38,1234,61,false,false,nature_environment,food_drinks
This volunteer wildlife monitoring program contributes to conservation science,positive,@conservation_science_contributor,female,9,18,178,3456,62,false,false,community_social,nature_environment
The restaurant's ingredient substitutions occur without customer notification,negative,@substitution_notification_missing_victim,male,19,8,37,1876,63,false,false,food_drinks,pets_animals
My cat's therapeutic presence comforts family members during difficult times! üê±,positive,@therapeutic_presence_grateful,female,22,16,156,2876,66,false,false,pets_animals,family_relationships
The delivery service's package handling instructions are completely ignored,negative,@handling_instruction_ignored_victim,male,16,9,42,1567,58,false,false,transportation,shopping_retail
This meditation practice develops emotional regulation skills effectively,positive,@emotional_regulation_developer,female,23,15,134,4123,57,false,false,health_wellness,politics_government
The grocery store's produce selection prioritizes appearance over nutritional value,negative,@nutritional_value_critic,male,15,7,33,1234,66,false,false,food_drinks,shopping_retail
My son's debate team research skills have developed beyond grade level! üèÜ,positive,@research_skills_beyond_grade_parent,female,16,24,198,4321,62,false,false,family_relationships,education
The parking garage's lighting maintenance schedule is clearly insufficient,negative,@lighting_maintenance_insufficient_critic,male,12,8,36,987,58,false,false,transportation,nature_environment
This community garden's educational signage teaches sustainable growing practices,positive,@sustainable_growing_educator,female,11,15,167,3987,65,false,false,pets_animals,nature_environment
The coffee shop's music selection creates an unwelcoming work environment,negative,@music_selection_unwelcoming_victim,male,10,7,34,1345,57,false,false,food_drinks,entertainment
My garden's seasonal succession provides fresh produce year-round! ü•ï,positive,@year_round_produce_grower,female,17,14,145,2876,59,false,false,food_drinks,family_relationships
The internet connection's bandwidth throttling during peak hours is unacceptable,negative,@bandwidth_throttling_victim,male,9,11,47,2134,63,false,false,entertainment,technology
This volunteer senior nutrition program addresses food insecurity compassionately,positive,@food_insecurity_compassion_volunteer,female,12,18,189,4567,66,false,false,food_drinks,community_social
The restaurant's cleanliness protocols seem inadequate for food safety,negative,@food_safety_protocol_critic,male,20,8,35,1876,56,false,false,food_drinks,personal_development
My daughter's piano competition performance demonstrated exceptional artistry! üéπ,positive,@exceptional_artistry_parent,female,18,24,214,4123,62,false,false,pets_animals,arts_culture
The delivery app's customer feedback system appears designed to discourage complaints,negative,@feedback_discouragement_victim,male,17,9,41,1234,69,false,false,transportation,technology
This photography exhibition's diversity of perspectives enriches community dialogue,positive,@perspective_diversity_appreciator,female,14,13,134,3456,67,false,false,community_social,arts_culture
The grocery store's checkout staff scheduling creates unnecessarily long waits,negative,@scheduling_long_wait_critic,male,16,6,31,1567,59,false,false,shopping_retail,food_drinks
My rescue dog's transformation inspires other potential adopters! üêï,positive,@adoption_inspiration_provider,female,18,17,178,2876,57,false,false,pets_animals,personal_development
The parking meter's payment processing fees add unnecessary cost to street parking,negative,@processing_fee_burden_victim,male,11,5,28,987,63,false,false,transportation,shopping_retail
This local farmers market's seasonal education helps customers make informed choices,positive,@seasonal_education_appreciator,female,10,11,123,4321,65,false,false,food_drinks,community_social
The customer service representative's script adherence prevents problem resolution,negative,@script_adherence_frustrated,male,13,10,45,1345,62,false,false,work_business,shopping_retail
My cat's hunting gifts demonstrate sophisticated understanding of family hierarchy! üê±,positive,@hierarchy_understanding_observer,female,20,15,156,3987,69,false,false,pets_animals,family_relationships
The weather forecast's temperature range predictions are consistently too broad,negative,@temperature_range_broad_critic,male,14,9,40,1234,60,false,false,nature_environment,food_drinks
This volunteer environmental monitoring work protects water quality for everyone,positive,@water_quality_protector,female,8,17,167,4567,62,false,false,work_business,health_wellness
The restaurant's service charge policies are hidden until payment time,negative,@hidden_service_charge_victim,male,19,8,37,1876,55,false,false,food_drinks,shopping_retail
My son's academic conference presentation earned standing ovation! üéì,positive,@standing_ovation_parent,female,17,26,234,4123,56,false,false,family_relationships,education
The delivery service's route optimization seems to prioritize efficiency over care,negative,@efficiency_over_care_critic,male,15,9,42,1567,64,false,false,transportation,shopping_retail
This meditation app's progress tracking motivates consistent practice,positive,@progress_tracking_motivated,female,22,16,134,2876,55,false,false,health_wellness,technology
The grocery store's organic certification verification process seems questionable,negative,@certification_verification_skeptic,male,16,7,34,1234,61,false,false,pets_animals,shopping_retail
My garden's biodiversity supports beneficial insects and soil health! üå±,positive,@biodiversity_soil_health_supporter,female,18,14,145,3456,61,false,false,health_wellness,nature_environment
The parking enforcement prioritizes revenue generation over traffic management,negative,@revenue_over_management_critic,male,12,9,41,987,61,false,false,transportation,nature_environment
This community theater's volunteer program builds skills and friendships,positive,@skill_friendship_builder,female,20,15,156,4321,58,false,false,entertainment,community_social
The coffee shop's seating arrangement discourages social interaction,negative,@social_interaction_discouraged,male,10,7,33,1345,54,false,false,food_drinks,community_social
My daughter's science research methodology earned university collaboration invitation! üî¨,positive,@university_collaboration_parent,female,16,27,245,4567,67,false,false,family_relationships,science_research
The internet provider's data usage calculations don't match third-party monitoring,negative,@data_calculation_discrepancy_victim,male,9,11,46,2134,65,false,false,technology,arts_culture
This volunteer literacy program's success stories inspire community investment,positive,@success_story_inspiration_volunteer,female,13,18,178,3987,63,false,false,community_social,personal_development
The restaurant's ingredient quality varies significantly between dishes,negative,@ingredient_quality_inconsistency_critic,male,20,8,36,1876,57,false,false,food_drinks,personal_development
My cat's morning routine includes checking every family member's wellbeing! üê±,positive,@wellbeing_checker_cat,female,19,16,167,3456,64,false,false,pets_animals,family_relationships
The delivery service's environmental impact claims don't match actual practices,negative,@environmental_claim_skeptic,male,14,10,44,1234,62,false,false,transportation,shopping_retail
This meditation teacher's guidance transforms students' stress management abilities,positive,@stress_management_transformer,female,21,17,178,4321,66,false,false,health_wellness,education
The grocery store's price scanner accuracy has declined significantly,negative,@price_scanner_accuracy_critic,male,15,7,35,1567,54,false,false,shopping_retail,finance_economy
My son's community service leadership inspires peers to volunteer! üåü,positive,@volunteer_leadership_parent,female,17,25,214,4567,59,false,false,family_relationships,community_social
The parking garage's accessibility features are poorly maintained,negative,@accessibility_maintenance_critic,male,13,8,37,987,53,false,false,transportation,food_drinks
This local bookstore's book club discussions enrich everyone's literary understanding,positive,@literary_understanding_enricher,female,20,14,145,2876,68,false,false,entertainment,shopping_retail
